"","user_id","status_id","created_at","screen_name","text","source","display_text_width","reply_to_status_id","reply_to_user_id","reply_to_screen_name","is_quote","is_retweet","favorite_count","retweet_count","quote_count","reply_count","ext_media_type","lang","quoted_status_id","quoted_text","quoted_created_at","quoted_source","quoted_favorite_count","quoted_retweet_count","quoted_user_id","quoted_screen_name","quoted_name","quoted_followers_count","quoted_friends_count","quoted_statuses_count","quoted_location","quoted_description","quoted_verified","retweet_status_id","retweet_text","retweet_created_at","retweet_source","retweet_favorite_count","retweet_retweet_count","retweet_user_id","retweet_screen_name","retweet_name","retweet_followers_count","retweet_friends_count","retweet_statuses_count","retweet_location","retweet_description","retweet_verified","place_url","place_name","place_full_name","place_type","country","country_code","status_url","name","location","description","url","protected","followers_count","friends_count","listed_count","statuses_count","favourites_count","account_created_at","verified","profile_url","profile_expanded_url","account_lang","profile_banner_url","profile_background_url","profile_image_url"
"1","616955120","1476893357477609478",2021-12-31 12:29:50,"burt_jessica","@BhamFoodCouncil Good points. Reduction in supply of ingredients for whatever reason will be another inflationary costs pressure. The politics of this will be separate from day to day commercial aspects of seeking to mitigate this.","Twitter for Android",123,"1476891554769944577","1642530048","BhamFoodCouncil",FALSE,FALSE,0,0,0,0,NA,"en",NA,NA,NA,NA,NA,NA,NA,NA,NA,NA,NA,NA,NA,NA,NA,NA,NA,NA,NA,NA,NA,NA,NA,NA,NA,NA,NA,NA,NA,NA,"https://api.twitter.com/1.1/geo/id/3aa1b1861c56d910.json","Cambridge","Cambridge, England","city","United Kingdom","GB","https://twitter.com/burt_jessica/status/1476893357477609478","Jessica Burt","Essex/Suffolk/Cambs borders ","Food regulatory & product liability lawyer for Mills & Reeve LLP; (all opinions are my own.)",NA,FALSE,699,2979,15,1997,6512,2012-06-24 09:29:32,FALSE,NA,NA,NA,NA,"http://abs.twimg.com/images/themes/theme1/bg.png","http://pbs.twimg.com/profile_images/522705009558192129/L8WvMlLX_normal.jpeg"
"2","2741224522","1476126156965429250",2021-12-29 09:41:15,"HodgkinDavid","@CatioMiles @jdportes Like they do with public spending which has continued to fall taking in inflationary factors. But Tory donor wealth has increased!","Twitter for Android",118,"1476112344174542851","1026471344064606208","CatioMiles",FALSE,FALSE,4,0,0,0,NA,"en",NA,NA,NA,NA,NA,NA,NA,NA,NA,NA,NA,NA,NA,NA,NA,NA,NA,NA,NA,NA,NA,NA,NA,NA,NA,NA,NA,NA,NA,NA,"https://api.twitter.com/1.1/geo/id/7eae472083678190.json","Henfield","Henfield, England","city","United Kingdom","GB","https://twitter.com/HodgkinDavid/status/1476126156965429250","David Hodgkin","South East, England","alive and kicking.",NA,FALSE,489,232,3,43466,9520,2014-08-12 21:46:47,FALSE,NA,NA,NA,NA,"http://abs.twimg.com/images/themes/theme1/bg.png","http://pbs.twimg.com/profile_images/1497152321263972362/ALm8DMJv_normal.jpg"
"3","55260186","1476094073790423040",2021-12-29 07:33:46,"billedm","It seems that next year will see a Tory Squeeze on Living Standards with Sunak as Chancellor ignoring the problem as he tries to build up his pre-election fund for Tax Cuts. I assume that Tory MP'S will be arranging more  extra jobs to get them through the inflationary problems.","Twitter for Android",NA,NA,NA,NA,FALSE,FALSE,7,3,0,0,NA,"en",NA,NA,NA,NA,NA,NA,NA,NA,NA,NA,NA,NA,NA,NA,NA,NA,NA,NA,NA,NA,NA,NA,NA,NA,NA,NA,NA,NA,NA,NA,"https://api.twitter.com/1.1/geo/id/7b7101cc1c6f8f88.json","Basingstoke","Basingstoke, England","city","United Kingdom","GB","https://twitter.com/billedm/status/1476094073790423040","Bill Edmunds #FBPA #FBPE Labour #JOHNSONOUT","South East, England","University of Kent Last Century
Nottingham University years ago. Servant to Colin the Cat.",NA,FALSE,2868,3276,6,95609,188279,2009-07-09 15:05:28,FALSE,NA,NA,NA,NA,"http://abs.twimg.com/images/themes/theme1/bg.png","http://pbs.twimg.com/profile_images/1402231660016439297/ouIIiFsB_normal.jpg"
"4","2572772035","1475588611735179272",2021-12-27 22:05:14,"davey1233","@DavidJo85520346 What his guide to printing money yes I've heard of him. Will be inflationary and more debt","Twitter for Android",90,"1475588019747004419","1070610939010052096","DavidJo85520346",FALSE,FALSE,0,0,1,0,NA,"en",NA,NA,NA,NA,NA,NA,NA,NA,NA,NA,NA,NA,NA,NA,NA,NA,NA,NA,NA,NA,NA,NA,NA,NA,NA,NA,NA,NA,NA,NA,"https://api.twitter.com/1.1/geo/id/315b740b108481f6.json","Manchester","Manchester, England","city","United Kingdom","GB","https://twitter.com/davey1233/status/1475588611735179272","Davey","UK","3D Designer in Process Engineering
 interested in 
#renewables #Nuclear #Oil 
#Climate change

                 Carbon Neutral by 2050","https://youtu.be/sCyidsxIDtQ",FALSE,1842,2041,79,44061,3006,2014-06-17 11:39:02,FALSE,NA,NA,NA,"https://pbs.twimg.com/profile_banners/2572772035/1579634626","http://abs.twimg.com/images/themes/theme1/bg.png","http://pbs.twimg.com/profile_images/682262927177564160/Y6t3aImE_normal.jpg"
"5","28084505","1474280303137021988",2021-12-24 07:26:29,"GarethDeanPR","@LOS_Fisher Is this just another attempt to hide the inflationary impact of Brexit? Make bottle smaller, keep price the same. 

Do we honestly think that Champagne producers will be falling over themselves to source a new and unusual size of bottle that is only popular in one market? Mental","Twitter for iPhone",128,"1474131559628345349","412978698","LOS_Fisher",FALSE,FALSE,8,0,0,1,NA,"en",NA,NA,NA,NA,NA,NA,NA,NA,NA,NA,NA,NA,NA,NA,NA,NA,NA,NA,NA,NA,NA,NA,NA,NA,NA,NA,NA,NA,NA,NA,"https://api.twitter.com/1.1/geo/id/0af014accd6f6e99.json","Scotland","Scotland, United Kingdom","admin","United Kingdom","GB","https://twitter.com/GarethDeanPR/status/1474280303137021988","Gareth Dean","Rural Oxfordshire","Co-founder of Non Plastic Beach, retail & wholesale alternatives to plastic - Likes: Cold Water Swimming, Cycling & Diving - Former: JLR/Nissan EV PR/Marketing","http://www.nonplasticbeach.com",FALSE,3246,3372,185,32681,11798,2009-04-01 10:44:33,FALSE,NA,NA,NA,"https://pbs.twimg.com/profile_banners/28084505/1555312128","http://abs.twimg.com/images/themes/theme1/bg.png","http://pbs.twimg.com/profile_images/1429827274451394565/cxdl80Xi_normal.jpg"
"6","230554840","1473749578541416454",2021-12-22 20:17:35,"aled_rj","When people‚Äôs budgets are under immense inflationary pressure? Seriously? https://t.co/jW34d3CEUK","Twitter for iPhone",73,NA,NA,NA,TRUE,FALSE,4,1,0,1,NA,"en","1473572425984094208","Mayor @SadiqKhan proposes his biggest real-terms increase in council tax bills https://t.co/4u0X9Xv4Fw",2021-12-22 08:33:38,"Twitter Web App",14,28,"54169015","RossLydall","Ross Lydall",14792,2210,16236,"London","Health Editor + City Hall Editor, Evening Standard. Proud dad. Cyclist. Reporting on NHS, City Hall, @TfL, science, London, life. ross.lydall@standard.co.uk",TRUE,NA,NA,NA,NA,NA,NA,NA,NA,NA,NA,NA,NA,NA,NA,NA,"https://api.twitter.com/1.1/geo/id/460c5314e8a33c64.json","Wandsworth","Wandsworth, London","city","United Kingdom","GB","https://twitter.com/aled_rj/status/1473749578541416454","Aled Richards-Jones üá∫üá¶","London, England","IP & tech lawyer | @wandbc councillor | Former pedestrainiser of high streets",NA,FALSE,1710,938,28,3148,7777,2010-12-25 23:37:44,FALSE,NA,NA,NA,"https://pbs.twimg.com/profile_banners/230554840/1621637862","http://abs.twimg.com/images/themes/theme18/bg.gif","http://pbs.twimg.com/profile_images/1533203353219518472/-LshxO5e_normal.jpg"
"7","63275377","1473089798231494662",2021-12-21 00:35:51,"jclanoe","According to NFU president Batters, the ‚Äúone-sided‚Äù deal gave Australia‚Äôs agriculture sector ‚Äúall it asked for‚Äù with little in return for UK farmers, who she said were already ‚Äúfacing extraordinary inflationary pressure &amp; labour¬†shortages‚Äù.

#cheeseandwine
https://t.co/gzpfwNanSX","Twitter for Android",NA,NA,NA,NA,FALSE,FALSE,0,0,0,0,NA,"en",NA,NA,NA,NA,NA,NA,NA,NA,NA,NA,NA,NA,NA,NA,NA,NA,NA,NA,NA,NA,NA,NA,NA,NA,NA,NA,NA,NA,NA,NA,"https://api.twitter.com/1.1/geo/id/06b9691f34c91d1c.json","Tottenham","Tottenham, London","city","United Kingdom","GB","https://twitter.com/jclanoe/status/1473089798231494662","King JC‚ù§Ô∏èüì∫üá¨üáßüá™üá∫fronche tosseur, fl√¢neur, lover","Crouch End & Tossa (de mar)","THE one & only French Anglophile.
Television, etymology & all things üá¨üáß are my passion.
Presenter, raconteur, commentator & then some!
The new TV #$¬£%&! to ‚ô•.","http://www.jeanchristophe.com",FALSE,4894,2056,98,107449,233769,2009-08-05 22:14:14,FALSE,NA,NA,NA,"https://pbs.twimg.com/profile_banners/63275377/1483641466","http://abs.twimg.com/images/themes/theme5/bg.gif","http://pbs.twimg.com/profile_images/1433912121763508228/OqZfQraV_normal.jpg"
"8","2709267132","1472157562103648262",2021-12-18 10:51:28,"therapy_barbell","‚ÄúThey don‚Äôt make things like they used to‚Äù Every year, manufacturers have to figure out how to make things affordable to people using an inflationary currency. They‚Äôre actually doing a great job. #Bitcoin #crypto #inflation","Twitter for iPhone",NA,NA,NA,NA,FALSE,FALSE,1,0,0,0,NA,"en",NA,NA,NA,NA,NA,NA,NA,NA,NA,NA,NA,NA,NA,NA,NA,NA,NA,NA,NA,NA,NA,NA,NA,NA,NA,NA,NA,NA,NA,NA,"https://api.twitter.com/1.1/geo/id/58f909abfd95e133.json","Lewisham","Lewisham, London","city","United Kingdom","GB","https://twitter.com/therapy_barbell/status/1472157562103648262","Mark Davenport","Streatham, London","Strength Coach - Gym owner - Crypto investor, Pronouns: God/King","http://www.barbelltherapy.co.uk",FALSE,223,86,13,3580,2072,2014-08-05 13:14:23,FALSE,NA,NA,NA,"https://pbs.twimg.com/profile_banners/2709267132/1640375880","http://abs.twimg.com/images/themes/theme1/bg.png","http://pbs.twimg.com/profile_images/1422856357938704390/TNZk7t2C_normal.jpg"
"9","400069771","1471464922676617224",2021-12-16 12:59:10,"superpaddiepads","@IncognitoPengy It‚Äôs coming mate. Been overdue for a while and there are inflationary pressures to counteract. Which will only be heightened by Christmas spending.","Twitter for iPhone",124,"1471462357339713539","1156462255493603328","IncognitoPengy",FALSE,FALSE,1,0,0,0,NA,"en",NA,NA,NA,NA,NA,NA,NA,NA,NA,NA,NA,NA,NA,NA,NA,NA,NA,NA,NA,NA,NA,NA,NA,NA,NA,NA,NA,NA,NA,NA,"https://api.twitter.com/1.1/geo/id/34d7d24e8dd0f63a.json","Whyteleafe","Whyteleafe, South East","city","United Kingdom","GB","https://twitter.com/superpaddiepads/status/1471464922676617224","ü¶©The Misadventures of Stevie Pü¶©","London","Pervert layabout. Invariably sarcastic. ‚ÄòMagnificent beard‚Äô ‚ÄòLovely gums‚Äô ‚ÄòPretty fingers‚Äô #chronicpain #fibromyalgia #itsokaytotalk @andysmanclubuk",NA,FALSE,1444,1908,5,46677,104913,2011-10-28 13:19:42,FALSE,NA,NA,NA,"https://pbs.twimg.com/profile_banners/400069771/1637318610","http://abs.twimg.com/images/themes/theme1/bg.png","http://pbs.twimg.com/profile_images/1532440734158184448/Xi9EFpsP_normal.jpg"
"10","20205933","1471042776955555844",2021-12-15 09:01:43,"robsmith87","P.S. enjoy your below inflationary pay rise (i.e. pay cut) and long term chronic understaffing, whilst I enjoy a piss up at home. Save your bill sh*t gratitude and show some leadership https://t.co/Ak79zpxh4b","Twitter for iPhone",140,NA,NA,NA,TRUE,FALSE,0,0,0,0,NA,"en","1470808110206009345","My letter to everyone working in the NHS. https://t.co/MzEqVdZ8m4",2021-12-14 17:29:14,"Twitter Web App",5018,778,"3131144855","BorisJohnson","Boris Johnson",4465088,459,5801,"United Kingdom","Prime Minister of the United Kingdom and @Conservatives leader. Member of Parliament for Uxbridge and South Ruislip.",TRUE,NA,NA,NA,NA,NA,NA,NA,NA,NA,NA,NA,NA,NA,NA,NA,"https://api.twitter.com/1.1/geo/id/7448efd8dc7d7542.json","Maidenhead","Maidenhead, South East","city","United Kingdom","GB","https://twitter.com/robsmith87/status/1471042776955555844","Rob Smith üá∫üá¶","London",NA,NA,FALSE,168,988,6,5608,1825,2009-02-06 00:38:00,FALSE,NA,NA,NA,"https://pbs.twimg.com/profile_banners/20205933/1580504329","http://abs.twimg.com/images/themes/theme1/bg.png","http://pbs.twimg.com/profile_images/1268950708545519617/EnQ2Z6Q3_normal.jpg"
"11","106697330","1470808105898414088",2021-12-14 17:29:13,"creditplumber","Inflationary pressures will grow as risk mitigation costs for organisations disrupted #supplychains climb. ‚ÄòJust-in-Time‚Äô has, for now, had its time. https://t.co/YZFxEJxgep","Twitter for iPad",140,NA,NA,NA,TRUE,FALSE,2,0,0,0,NA,"en","1470803290896179200","Disruptions in the global #supplychain make it tricky for Santa to fulfill this year's Christmas wishlists. Our Reinsurance CEO Moses Ojeisekhoba highlights how data and analytics can help insurers increase supply chain transparency: https://t.co/53gqfzJVSy #digital https://t.co/TtQqu4lTkT",2021-12-14 17:10:05,"Hootsuite Inc.",10,11,"16866956","SwissRe","Swiss Re",38250,2956,17276,"Zurich","Swiss Re helps insurers and direct clients to shoulder risks through re/insurance and other solutions. Risk is our raw material. What we create is opportunity.",TRUE,NA,NA,NA,NA,NA,NA,NA,NA,NA,NA,NA,NA,NA,NA,NA,"https://api.twitter.com/1.1/geo/id/1c37515518593fe3.json","Richmond","Richmond, London","city","United Kingdom","GB","https://twitter.com/creditplumber/status/1470808105898414088","David McKibbin","United Kingdom","‚ÄúTo be employed by 1 Titanic employer, Mr Worthing, may be regarded as a misfortune; by 2 looks like carelessness.‚Äù After Oscar Wilde. Ex-AIG and GFG Alliance.","http://lexriskfinance.com",FALSE,2968,1150,202,26847,11943,2010-01-20 11:10:45,FALSE,NA,NA,NA,"https://pbs.twimg.com/profile_banners/106697330/1632750078","http://abs.twimg.com/images/themes/theme19/bg.gif","http://pbs.twimg.com/profile_images/1442485073551388673/jd3RdThf_normal.jpg"
"12","874563713264693248","1470795349010829314",2021-12-14 16:38:31,"UofGVC","What does the current inflationary surge mean for central bank independence? And what should they do about inflation? Some of my thoughts in the @ConversationUK @ConversationEDU https://t.co/eEzmj4OTQp","Twitter for iPhone",NA,NA,NA,NA,FALSE,FALSE,10,5,0,0,NA,"en",NA,NA,NA,NA,NA,NA,NA,NA,NA,NA,NA,NA,NA,NA,NA,NA,NA,NA,NA,NA,NA,NA,NA,NA,NA,NA,NA,NA,NA,NA,"https://api.twitter.com/1.1/geo/id/791e00bcadc4615f.json","Glasgow","Glasgow, Scotland","city","United Kingdom","GB","https://twitter.com/UofGVC/status/1470795349010829314","Anton Muscatelli","Glasgow, Scotland","Principal & VC @UofGlasgow | Former Chair @RussellGroup Universities 2017-20 | Economics, Food & Inter Milan | Opinions mine | #WorldChangingGlasgow #TeamUofG","http://www.glasgow.ac.uk",FALSE,10668,1417,71,31686,61993,2017-06-13 09:46:52,FALSE,NA,NA,NA,"https://pbs.twimg.com/profile_banners/874563713264693248/1497350404","","http://pbs.twimg.com/profile_images/1425736243829149698/44TYxPAu_normal.jpg"
"13","7349062","1470711408606261249",2021-12-14 11:04:58,"richardcalhoun","@Sivavijay08 You do realise the World economies have entered an inflationary cycle ... debt is a massive problem and will become unsustainable as interest rates rise
Take a look at the currency &amp; inflation in Turkey","Twitter for Android",127,"1470709078573805572","1460963413991911427","Sivavijay08",FALSE,FALSE,0,0,0,0,NA,"en",NA,NA,NA,NA,NA,NA,NA,NA,NA,NA,NA,NA,NA,NA,NA,NA,NA,NA,NA,NA,NA,NA,NA,NA,NA,NA,NA,NA,NA,NA,"https://api.twitter.com/1.1/geo/id/5aaf4cb2a033ee1d.json","Gerrards Cross","Gerrards Cross, South East","city","United Kingdom","GB","https://twitter.com/richardcalhoun/status/1470711408606261249","Richard Calhoun","England ","Politics ... Gold ... Crypto ... Capitalism ... Small Govt ... Low Taxes ... Brexit",NA,FALSE,22563,11842,454,409297,90,2007-07-09 15:22:17,FALSE,NA,NA,NA,"https://pbs.twimg.com/profile_banners/7349062/1413121066","http://abs.twimg.com/images/themes/theme14/bg.gif","http://pbs.twimg.com/profile_images/929696103884144640/-NogAn3x_normal.jpg"
"14","280565933","1468231940721545217",2021-12-07 14:52:27,"Canning_House","Next up, Julio Ruiz from @itau delivers the Economic #LatAmOutlook, noting challenges including inflationary pressures despite relief from the #Covid19 pandemic.

https://t.co/Z4fkmOkfIe https://t.co/7CkV38l5VV","Twitter for iPhone",140,NA,NA,NA,FALSE,FALSE,1,0,0,1,NA,"en",NA,NA,NA,NA,NA,NA,NA,NA,NA,NA,NA,NA,NA,NA,NA,NA,NA,NA,NA,NA,NA,NA,NA,NA,NA,NA,NA,NA,NA,NA,"https://api.twitter.com/1.1/geo/id/457b4814b4240d87.json","London","London, England","city","United Kingdom","GB","https://twitter.com/Canning_House/status/1468231940721545217","Canning House","126 Wigmore Street, London","The UK‚Äôs leading forum for contacts, thought-leadership and pragmatic debate on Latin American politics, economics, business and culture since 1943.","http://canninghouse.org",FALSE,5092,1714,104,13474,2098,2011-04-11 15:47:15,FALSE,NA,NA,NA,"https://pbs.twimg.com/profile_banners/280565933/1653479146","http://abs.twimg.com/images/themes/theme1/bg.png","http://pbs.twimg.com/profile_images/1461273068974788615/jFHkXd13_normal.jpg"
